"Program","Year","Period","Week Ending","Geo Level","State","State ANSI","Ag District","Ag District Code","County","County ANSI","Zip Code","Region","watershed_code","Watershed","Commodity","Data Item","Domain","Domain Category","Value","CV (%)"
"CENSUS","2022","YEAR","","STATE","NEW JERSEY","34","","","","","","","00000000","","CORN","CORN, GRAIN, IRRIGATED, ENTIRE CROP - YIELD, MEASURED IN BU / ACRE","TOTAL","NOT SPECIFIED","127.4","12.5"
"CENSUS","2022","YEAR","","STATE","NEW JERSEY","34","","","","","","","00000000","","CORN","CORN, GRAIN, IRRIGATED, NONE OF CROP - YIELD, MEASURED IN BU / ACRE","TOTAL","NOT SPECIFIED","98.8","0.8"
"CENSUS","2022","YEAR","","STATE","NEW JERSEY","34","","","","","","","00000000","","CORN","CORN, GRAIN, IRRIGATED, PART OF CROP - YIELD, MEASURED IN BU / ACRE","TOTAL","NOT SPECIFIED","146","5.0"
"CENSUS","2022","YEAR","","STATE","NEW JERSEY","34","","","","","","","00000000","","CORN","CORN, SILAGE, IRRIGATED, NONE OF CROP - YIELD, MEASURED IN TONS / ACRE","TOTAL","NOT SPECIFIED"," (D)","(D)"
"CENSUS","2022","YEAR","","STATE","NEW JERSEY","34","","","","","","","00000000","","CORN","CORN, SILAGE, IRRIGATED, PART OF CROP - YIELD, MEASURED IN TONS / ACRE","TOTAL","NOT SPECIFIED"," (D)","(D)"
"CENSUS","2022","YEAR","","STATE","NEW JERSEY","34","","","","","","","00000000","","SOYBEANS","SOYBEANS, IRRIGATED, ENTIRE CROP - YIELD, MEASURED IN BU / ACRE","TOTAL","NOT SPECIFIED","45.3","5.5"
"CENSUS","2022","YEAR","","STATE","NEW JERSEY","34","","","","","","","00000000","","SOYBEANS","SOYBEANS, IRRIGATED, NONE OF CROP - YIELD, MEASURED IN BU / ACRE","TOTAL","NOT SPECIFIED","29.6","1.5"
"CENSUS","2022","YEAR","","STATE","NEW JERSEY","34","","","","","","","00000000","","SOYBEANS","SOYBEANS, IRRIGATED, PART OF CROP - YIELD, MEASURED IN BU / ACRE","TOTAL","NOT SPECIFIED","37.5","4.1"
"CENSUS","2022","YEAR","","STATE","NEW JERSEY","34","","","","","","","00000000","","WHEAT","WHEAT, IRRIGATED, ENTIRE CROP - YIELD, MEASURED IN BU / ACRE","TOTAL","NOT SPECIFIED","73.7","1.7"
"CENSUS","2022","YEAR","","STATE","NEW JERSEY","34","","","","","","","00000000","","WHEAT","WHEAT, IRRIGATED, NONE OF CROP - YIELD, MEASURED IN BU / ACRE","TOTAL","NOT SPECIFIED","65.8","1.3"
"CENSUS","2022","YEAR","","STATE","NEW JERSEY","34","","","","","","","00000000","","WHEAT","WHEAT, IRRIGATED, PART OF CROP - YIELD, MEASURED IN BU / ACRE","TOTAL","NOT SPECIFIED","82.1","(L)"
"CENSUS","2022","YEAR","","STATE","NEW JERSEY","34","","","","","","","00000000","","WHEAT","WHEAT, SPRING, (EXCL DURUM), IRRIGATED, NONE OF CROP - YIELD, MEASURED IN BU / ACRE","TOTAL","NOT SPECIFIED","60.7","(L)"
"CENSUS","2022","YEAR","","STATE","NEW JERSEY","34","","","","","","","00000000","","WHEAT","WHEAT, WINTER, IRRIGATED, ENTIRE CROP - YIELD, MEASURED IN BU / ACRE","TOTAL","NOT SPECIFIED","73.7","1.7"
"CENSUS","2022","YEAR","","STATE","NEW JERSEY","34","","","","","","","00000000","","WHEAT","WHEAT, WINTER, IRRIGATED, NONE OF CROP - YIELD, MEASURED IN BU / ACRE","TOTAL","NOT SPECIFIED","65.8","1.3"
"CENSUS","2022","YEAR","","STATE","NEW JERSEY","34","","","","","","","00000000","","WHEAT","WHEAT, WINTER, IRRIGATED, PART OF CROP - YIELD, MEASURED IN BU / ACRE","TOTAL","NOT SPECIFIED","82.1","(L)"
"CENSUS","2018","YEAR","","STATE","NEW JERSEY","34","","","","","","","00000000","","CORN","CORN, GRAIN, IRRIGATED - YIELD, MEASURED IN BU / ACRE","IRRIGATION METHOD, PRIMARY","IRRIGATION METHOD, PRIMARY: (PRESSURE)","194","7.7"
"CENSUS","2018","YEAR","","STATE","NEW JERSEY","34","","","","","","","00000000","","CORN","CORN, GRAIN, IRRIGATED - YIELD, MEASURED IN BU / ACRE","TOTAL","NOT SPECIFIED","194","7.7"
"CENSUS","2018","YEAR","","STATE","NEW JERSEY","34","","","","","","","00000000","","SOYBEANS","SOYBEANS, IRRIGATED - YIELD, MEASURED IN BU / ACRE","IRRIGATION METHOD, PRIMARY","IRRIGATION METHOD, PRIMARY: (PRESSURE)","45","6.3"
"CENSUS","2018","YEAR","","STATE","NEW JERSEY","34","","","","","","","00000000","","SOYBEANS","SOYBEANS, IRRIGATED - YIELD, MEASURED IN BU / ACRE","TOTAL","NOT SPECIFIED","45","6.3"
"CENSUS","2018","YEAR","","STATE","NEW JERSEY","34","","","","","","","00000000","","WHEAT","WHEAT, IRRIGATED - YIELD, MEASURED IN BU / ACRE","IRRIGATION METHOD, PRIMARY","IRRIGATION METHOD, PRIMARY: (PRESSURE)","54","25.5"
"CENSUS","2018","YEAR","","STATE","NEW JERSEY","34","","","","","","","00000000","","WHEAT","WHEAT, IRRIGATED - YIELD, MEASURED IN BU / ACRE","TOTAL","NOT SPECIFIED","54","25.5"
"CENSUS","2017","YEAR","","STATE","NEW JERSEY","34","","","","","","","00000000","","CORN","CORN, GRAIN, IRRIGATED, ENTIRE CROP - YIELD, MEASURED IN BU / ACRE","TOTAL","NOT SPECIFIED","164.5","2.6"
"CENSUS","2017","YEAR","","STATE","NEW JERSEY","34","","","","","","","00000000","","CORN","CORN, GRAIN, IRRIGATED, NONE OF CROP - YIELD, MEASURED IN BU / ACRE","TOTAL","NOT SPECIFIED","151.7","2.8"
"CENSUS","2017","YEAR","","STATE","NEW JERSEY","34","","","","","","","00000000","","CORN","CORN, GRAIN, IRRIGATED, PART OF CROP - YIELD, MEASURED IN BU / ACRE","TOTAL","NOT SPECIFIED","171.2","1.7"
"CENSUS","2017","YEAR","","STATE","NEW JERSEY","34","","","","","","","00000000","","CORN","CORN, SILAGE, IRRIGATED, NONE OF CROP - YIELD, MEASURED IN TONS / ACRE","TOTAL","NOT SPECIFIED","20.2","19.4"
"CENSUS","2017","YEAR","","STATE","NEW JERSEY","34","","","","","","","00000000","","CORN","CORN, SILAGE, IRRIGATED, PART OF CROP - YIELD, MEASURED IN TONS / ACRE","TOTAL","NOT SPECIFIED","24","2.9"
"CENSUS","2017","YEAR","","STATE","NEW JERSEY","34","","","","","","","00000000","","SOYBEANS","SOYBEANS, IRRIGATED, ENTIRE CROP - YIELD, MEASURED IN BU / ACRE","TOTAL","NOT SPECIFIED","45","2.0"
"CENSUS","2017","YEAR","","STATE","NEW JERSEY","34","","","","","","","00000000","","SOYBEANS","SOYBEANS, IRRIGATED, NONE OF CROP - YIELD, MEASURED IN BU / ACRE","TOTAL","NOT SPECIFIED","42.5","2.1"
"CENSUS","2017","YEAR","","STATE","NEW JERSEY","34","","","","","","","00000000","","SOYBEANS","SOYBEANS, IRRIGATED, PART OF CROP - YIELD, MEASURED IN BU / ACRE","TOTAL","NOT SPECIFIED","46.6","3.6"
"CENSUS","2017","YEAR","","STATE","NEW JERSEY","34","","","","","","","00000000","","WHEAT","WHEAT, IRRIGATED, ENTIRE CROP - YIELD, MEASURED IN BU / ACRE","TOTAL","NOT SPECIFIED","55.1","11.3"
"CENSUS","2017","YEAR","","STATE","NEW JERSEY","34","","","","","","","00000000","","WHEAT","WHEAT, IRRIGATED, NONE OF CROP - YIELD, MEASURED IN BU / ACRE","TOTAL","NOT SPECIFIED","61.9","5.8"
"CENSUS","2017","YEAR","","STATE","NEW JERSEY","34","","","","","","","00000000","","WHEAT","WHEAT, IRRIGATED, PART OF CROP - YIELD, MEASURED IN BU / ACRE","TOTAL","NOT SPECIFIED","72.2","0.1"
"CENSUS","2017","YEAR","","STATE","NEW JERSEY","34","","","","","","","00000000","","WHEAT","WHEAT, WINTER, IRRIGATED, ENTIRE CROP - YIELD, MEASURED IN BU / ACRE","TOTAL","NOT SPECIFIED","55.1","11.3"
"CENSUS","2017","YEAR","","STATE","NEW JERSEY","34","","","","","","","00000000","","WHEAT","WHEAT, WINTER, IRRIGATED, NONE OF CROP - YIELD, MEASURED IN BU / ACRE","TOTAL","NOT SPECIFIED","61.9","5.8"
"CENSUS","2017","YEAR","","STATE","NEW JERSEY","34","","","","","","","00000000","","WHEAT","WHEAT, WINTER, IRRIGATED, PART OF CROP - YIELD, MEASURED IN BU / ACRE","TOTAL","NOT SPECIFIED","72.2","0.1"
"CENSUS","2013","YEAR","","STATE","NEW JERSEY","34","","","","","","","00000000","","CORN","CORN, GRAIN, IRRIGATED - YIELD, MEASURED IN BU / ACRE","IRRIGATION METHOD, PRIMARY","IRRIGATION METHOD, PRIMARY: (GRAVITY)"," (D)",""
"CENSUS","2013","YEAR","","STATE","NEW JERSEY","34","","","","","","","00000000","","CORN","CORN, GRAIN, IRRIGATED - YIELD, MEASURED IN BU / ACRE","IRRIGATION METHOD, PRIMARY","IRRIGATION METHOD, PRIMARY: (PRESSURE)"," (D)",""
"CENSUS","2013","YEAR","","STATE","NEW JERSEY","34","","","","","","","00000000","","CORN","CORN, GRAIN, IRRIGATED - YIELD, MEASURED IN BU / ACRE","TOTAL","NOT SPECIFIED","191",""
"CENSUS","2013","YEAR","","STATE","NEW JERSEY","34","","","","","","","00000000","","CORN","CORN, GRAIN, NON-IRRIGATED - YIELD, MEASURED IN BU / ACRE","IRRIGATION STATUS","IRRIGATION STATUS: (ANY ON OPERATION)","159",""
"CENSUS","2013","YEAR","","STATE","NEW JERSEY","34","","","","","","","00000000","","CORN","CORN, SILAGE, IRRIGATED - YIELD, MEASURED IN TONS / ACRE","IRRIGATION METHOD, PRIMARY","IRRIGATION METHOD, PRIMARY: (GRAVITY)"," (D)",""
"CENSUS","2013","YEAR","","STATE","NEW JERSEY","34","","","","","","","00000000","","CORN","CORN, SILAGE, IRRIGATED - YIELD, MEASURED IN TONS / ACRE","TOTAL","NOT SPECIFIED"," (D)",""
"CENSUS","2013","YEAR","","STATE","NEW JERSEY","34","","","","","","","00000000","","CORN","CORN, SILAGE, NON-IRRIGATED - YIELD, MEASURED IN TONS / ACRE","IRRIGATION STATUS","IRRIGATION STATUS: (ANY ON OPERATION)","15",""
"CENSUS","2013","YEAR","","STATE","NEW JERSEY","34","","","","","","","00000000","","SOYBEANS","SOYBEANS, IRRIGATED - YIELD, MEASURED IN BU / ACRE","IRRIGATION METHOD, PRIMARY","IRRIGATION METHOD, PRIMARY: (PRESSURE)","50",""
"CENSUS","2013","YEAR","","STATE","NEW JERSEY","34","","","","","","","00000000","","SOYBEANS","SOYBEANS, IRRIGATED - YIELD, MEASURED IN BU / ACRE","TOTAL","NOT SPECIFIED","50",""
"CENSUS","2013","YEAR","","STATE","NEW JERSEY","34","","","","","","","00000000","","SOYBEANS","SOYBEANS, NON-IRRIGATED - YIELD, MEASURED IN BU / ACRE","IRRIGATION STATUS","IRRIGATION STATUS: (ANY ON OPERATION)","39",""
"CENSUS","2013","YEAR","","STATE","NEW JERSEY","34","","","","","","","00000000","","WHEAT","WHEAT, IRRIGATED - YIELD, MEASURED IN BU / ACRE","IRRIGATION METHOD, PRIMARY","IRRIGATION METHOD, PRIMARY: (PRESSURE)","52",""
"CENSUS","2013","YEAR","","STATE","NEW JERSEY","34","","","","","","","00000000","","WHEAT","WHEAT, IRRIGATED - YIELD, MEASURED IN BU / ACRE","TOTAL","NOT SPECIFIED","52",""
"CENSUS","2013","YEAR","","STATE","NEW JERSEY","34","","","","","","","00000000","","WHEAT","WHEAT, NON-IRRIGATED - YIELD, MEASURED IN BU / ACRE","IRRIGATION STATUS","IRRIGATION STATUS: (ANY ON OPERATION)","58",""
"CENSUS","2012","YEAR","","STATE","NEW JERSEY","34","","","","","","","00000000","","CORN","CORN, GRAIN, IRRIGATED, ENTIRE CROP - YIELD, MEASURED IN BU / ACRE","TOTAL","NOT SPECIFIED"," (D)","(D)"
"CENSUS","2012","YEAR","","STATE","NEW JERSEY","34","","","","","","","00000000","","CORN","CORN, GRAIN, IRRIGATED, NONE OF CROP - YIELD, MEASURED IN BU / ACRE","TOTAL","NOT SPECIFIED","109.5","1.0"
"CENSUS","2012","YEAR","","STATE","NEW JERSEY","34","","","","","","","00000000","","CORN","CORN, GRAIN, IRRIGATED, PART OF CROP - YIELD, MEASURED IN BU / ACRE","TOTAL","NOT SPECIFIED"," (D)","(D)"
"CENSUS","2012","YEAR","","STATE","NEW JERSEY","34","","","","","","","00000000","","CORN","CORN, SILAGE, IRRIGATED, ENTIRE CROP - YIELD, MEASURED IN TONS / ACRE","TOTAL","NOT SPECIFIED","13","(L)"
"CENSUS","2012","YEAR","","STATE","NEW JERSEY","34","","","","","","","00000000","","CORN","CORN, SILAGE, IRRIGATED, NONE OF CROP - YIELD, MEASURED IN TONS / ACRE","TOTAL","NOT SPECIFIED","15.5","2.0"
"CENSUS","2012","YEAR","","STATE","NEW JERSEY","34","","","","","","","00000000","","CORN","CORN, SILAGE, IRRIGATED, PART OF CROP - YIELD, MEASURED IN TONS / ACRE","TOTAL","NOT SPECIFIED","14.1","19.1"
"CENSUS","2012","YEAR","","STATE","NEW JERSEY","34","","","","","","","00000000","","SOYBEANS","SOYBEANS, IRRIGATED, ENTIRE CROP - YIELD, MEASURED IN BU / ACRE","TOTAL","NOT SPECIFIED","42.3","1.4"
"CENSUS","2012","YEAR","","STATE","NEW JERSEY","34","","","","","","","00000000","","SOYBEANS","SOYBEANS, IRRIGATED, NONE OF CROP - YIELD, MEASURED IN BU / ACRE","TOTAL","NOT SPECIFIED","39","0.6"
"CENSUS","2012","YEAR","","STATE","NEW JERSEY","34","","","","","","","00000000","","SOYBEANS","SOYBEANS, IRRIGATED, PART OF CROP - YIELD, MEASURED IN BU / ACRE","TOTAL","NOT SPECIFIED","43.5","1.6"
"CENSUS","2012","YEAR","","STATE","NEW JERSEY","34","","","","","","","00000000","","WHEAT","WHEAT, IRRIGATED, ENTIRE CROP - YIELD, MEASURED IN BU / ACRE","TOTAL","NOT SPECIFIED","51.6","2.3"
"CENSUS","2012","YEAR","","STATE","NEW JERSEY","34","","","","","","","00000000","","WHEAT","WHEAT, IRRIGATED, NONE OF CROP - YIELD, MEASURED IN BU / ACRE","TOTAL","NOT SPECIFIED","52.8","2.7"
"CENSUS","2012","YEAR","","STATE","NEW JERSEY","34","","","","","","","00000000","","WHEAT","WHEAT, IRRIGATED, PART OF CROP - YIELD, MEASURED IN BU / ACRE","TOTAL","NOT SPECIFIED","55.2","1.5"
"CENSUS","2012","YEAR","","STATE","NEW JERSEY","34","","","","","","","00000000","","WHEAT","WHEAT, WINTER, IRRIGATED, ENTIRE CROP - YIELD, MEASURED IN BU / ACRE","TOTAL","NOT SPECIFIED","51.6","2.3"
"CENSUS","2012","YEAR","","STATE","NEW JERSEY","34","","","","","","","00000000","","WHEAT","WHEAT, WINTER, IRRIGATED, NONE OF CROP - YIELD, MEASURED IN BU / ACRE","TOTAL","NOT SPECIFIED","52.8","2.7"
"CENSUS","2012","YEAR","","STATE","NEW JERSEY","34","","","","","","","00000000","","WHEAT","WHEAT, WINTER, IRRIGATED, PART OF CROP - YIELD, MEASURED IN BU / ACRE","TOTAL","NOT SPECIFIED","55.2","1.5"
"SURVEY","2024","YEAR","","STATE","NEW JERSEY","34","","","","","","","00000000","","CORN","CORN, GRAIN - YIELD, MEASURED IN BU / ACRE","TOTAL","NOT SPECIFIED","157",""
"SURVEY","2024","YEAR","","STATE","NEW JERSEY","34","","","","","","","00000000","","CORN","CORN, SILAGE - YIELD, MEASURED IN TONS / ACRE","TOTAL","NOT SPECIFIED","17",""
"SURVEY","2024","YEAR","","STATE","NEW JERSEY","34","","","","","","","00000000","","SOYBEANS","SOYBEANS - YIELD, MEASURED IN BU / ACRE","TOTAL","NOT SPECIFIED","43",""
"SURVEY","2024","YEAR - AUG FORECAST","","STATE","NEW JERSEY","34","","","","","","","00000000","","SOYBEANS","SOYBEANS - YIELD, MEASURED IN BU / ACRE","TOTAL","NOT SPECIFIED","34",""
"SURVEY","2024","YEAR - NOV FORECAST","","STATE","NEW JERSEY","34","","","","","","","00000000","","SOYBEANS","SOYBEANS - YIELD, MEASURED IN BU / ACRE","TOTAL","NOT SPECIFIED","38",""
"SURVEY","2024","YEAR - OCT FORECAST","","STATE","NEW JERSEY","34","","","","","","","00000000","","SOYBEANS","SOYBEANS - YIELD, MEASURED IN BU / ACRE","TOTAL","NOT SPECIFIED","38",""
"SURVEY","2024","YEAR - SEP FORECAST","","STATE","NEW JERSEY","34","","","","","","","00000000","","SOYBEANS","SOYBEANS - YIELD, MEASURED IN BU / ACRE","TOTAL","NOT SPECIFIED","41",""
"SURVEY","2023","YEAR","","STATE","NEW JERSEY","34","","","","","","","00000000","","CORN","CORN, GRAIN - YIELD, MEASURED IN BU / ACRE","TOTAL","NOT SPECIFIED","168",""
"SURVEY","2023","YEAR","","STATE","NEW JERSEY","34","","","","","","","00000000","","CORN","CORN, SILAGE - YIELD, MEASURED IN TONS / ACRE","TOTAL","NOT SPECIFIED","18",""
"SURVEY","2023","YEAR","","STATE","NEW JERSEY","34","","","","","","","00000000","","SOYBEANS","SOYBEANS - YIELD, MEASURED IN BU / ACRE","TOTAL","NOT SPECIFIED","43",""
"SURVEY","2023","YEAR","","STATE","NEW JERSEY","34","","","","","","","00000000","","WHEAT","WHEAT - YIELD, MEASURED IN BU / ACRE","TOTAL","NOT SPECIFIED","82",""
"SURVEY","2023","YEAR","","STATE","NEW JERSEY","34","","","","","","","00000000","","WHEAT","WHEAT, WINTER - YIELD, MEASURED IN BU / ACRE","TOTAL","NOT SPECIFIED","82",""
"SURVEY","2023","YEAR - AUG FORECAST","","STATE","NEW JERSEY","34","","","","","","","00000000","","SOYBEANS","SOYBEANS - YIELD, MEASURED IN BU / ACRE","TOTAL","NOT SPECIFIED","45",""
"SURVEY","2023","YEAR - NOV FORECAST","","STATE","NEW JERSEY","34","","","","","","","00000000","","SOYBEANS","SOYBEANS - YIELD, MEASURED IN BU / ACRE","TOTAL","NOT SPECIFIED","45",""
"SURVEY","2023","YEAR - OCT FORECAST","","STATE","NEW JERSEY","34","","","","","","","00000000","","SOYBEANS","SOYBEANS - YIELD, MEASURED IN BU / ACRE","TOTAL","NOT SPECIFIED","42",""
"SURVEY","2023","YEAR - SEP FORECAST","","STATE","NEW JERSEY","34","","","","","","","00000000","","SOYBEANS","SOYBEANS - YIELD, MEASURED IN BU / ACRE","TOTAL","NOT SPECIFIED","42",""
"SURVEY","2022","YEAR","","STATE","NEW JERSEY","34","","","","","","","00000000","","CORN","CORN, GRAIN - YIELD, MEASURED IN BU / ACRE","TOTAL","NOT SPECIFIED","114",""
"SURVEY","2022","YEAR","","STATE","NEW JERSEY","34","","","","","","","00000000","","CORN","CORN, SILAGE - YIELD, MEASURED IN TONS / ACRE","TOTAL","NOT SPECIFIED","16",""
"SURVEY","2022","YEAR","","STATE","NEW JERSEY","34","","","","","","","00000000","","SOYBEANS","SOYBEANS - YIELD, MEASURED IN BU / ACRE","TOTAL","NOT SPECIFIED","28",""
"SURVEY","2022","YEAR","","STATE","NEW JERSEY","34","","","","","","","00000000","","WHEAT","WHEAT - YIELD, MEASURED IN BU / ACRE","TOTAL","NOT SPECIFIED","70",""
"SURVEY","2022","YEAR","","STATE","NEW JERSEY","34","","","","","","","00000000","","WHEAT","WHEAT, WINTER - YIELD, MEASURED IN BU / ACRE","TOTAL","NOT SPECIFIED","70",""
"SURVEY","2022","YEAR - AUG FORECAST","","STATE","NEW JERSEY","34","","","","","","","00000000","","SOYBEANS","SOYBEANS - YIELD, MEASURED IN BU / ACRE","TOTAL","NOT SPECIFIED","36",""
"SURVEY","2022","YEAR - NOV FORECAST","","STATE","NEW JERSEY","34","","","","","","","00000000","","SOYBEANS","SOYBEANS - YIELD, MEASURED IN BU / ACRE","TOTAL","NOT SPECIFIED","30",""
"SURVEY","2022","YEAR - OCT FORECAST","","STATE","NEW JERSEY","34","","","","","","","00000000","","SOYBEANS","SOYBEANS - YIELD, MEASURED IN BU / ACRE","TOTAL","NOT SPECIFIED","30",""
"SURVEY","2022","YEAR - SEP FORECAST","","STATE","NEW JERSEY","34","","","","","","","00000000","","SOYBEANS","SOYBEANS - YIELD, MEASURED IN BU / ACRE","TOTAL","NOT SPECIFIED","30",""
"SURVEY","2021","YEAR","","STATE","NEW JERSEY","34","","","","","","","00000000","","CORN","CORN, GRAIN - YIELD, MEASURED IN BU / ACRE","TOTAL","NOT SPECIFIED","163",""
"SURVEY","2021","YEAR","","STATE","NEW JERSEY","34","","","","","","","00000000","","CORN","CORN, SILAGE - YIELD, MEASURED IN TONS / ACRE","TOTAL","NOT SPECIFIED","20",""
"SURVEY","2021","YEAR","","STATE","NEW JERSEY","34","","","","","","","00000000","","SOYBEANS","SOYBEANS - YIELD, MEASURED IN BU / ACRE","TOTAL","NOT SPECIFIED","46",""
"SURVEY","2021","YEAR","","STATE","NEW JERSEY","34","","","","","","","00000000","","WHEAT","WHEAT - YIELD, MEASURED IN BU / ACRE","TOTAL","NOT SPECIFIED","67",""
"SURVEY","2021","YEAR","","STATE","NEW JERSEY","34","","","","","","","00000000","","WHEAT","WHEAT, WINTER - YIELD, MEASURED IN BU / ACRE","TOTAL","NOT SPECIFIED","67",""
"SURVEY","2021","YEAR - AUG FORECAST","","STATE","NEW JERSEY","34","","","","","","","00000000","","SOYBEANS","SOYBEANS - YIELD, MEASURED IN BU / ACRE","TOTAL","NOT SPECIFIED","42",""
"SURVEY","2021","YEAR - NOV FORECAST","","STATE","NEW JERSEY","34","","","","","","","00000000","","SOYBEANS","SOYBEANS - YIELD, MEASURED IN BU / ACRE","TOTAL","NOT SPECIFIED","43",""
"SURVEY","2021","YEAR - OCT FORECAST","","STATE","NEW JERSEY","34","","","","","","","00000000","","SOYBEANS","SOYBEANS - YIELD, MEASURED IN BU / ACRE","TOTAL","NOT SPECIFIED","42",""
"SURVEY","2021","YEAR - SEP FORECAST","","STATE","NEW JERSEY","34","","","","","","","00000000","","SOYBEANS","SOYBEANS - YIELD, MEASURED IN BU / ACRE","TOTAL","NOT SPECIFIED","40",""
"SURVEY","2020","YEAR","","STATE","NEW JERSEY","34","","","","","","","00000000","","CORN","CORN, GRAIN - YIELD, MEASURED IN BU / ACRE","TOTAL","NOT SPECIFIED","156",""
"SURVEY","2020","YEAR","","STATE","NEW JERSEY","34","","","","","","","00000000","","CORN","CORN, SILAGE - YIELD, MEASURED IN TONS / ACRE","TOTAL","NOT SPECIFIED","20",""
"SURVEY","2020","YEAR","","STATE","NEW JERSEY","34","","","","","","","00000000","","SOYBEANS","SOYBEANS - YIELD, MEASURED IN BU / ACRE","TOTAL","NOT SPECIFIED","46",""
"SURVEY","2020","YEAR","","STATE","NEW JERSEY","34","","","","","","","00000000","","WHEAT","WHEAT - YIELD, MEASURED IN BU / ACRE","TOTAL","NOT SPECIFIED","67",""
"SURVEY","2020","YEAR","","STATE","NEW JERSEY","34","","","","","","","00000000","","WHEAT","WHEAT, WINTER - YIELD, MEASURED IN BU / ACRE","TOTAL","NOT SPECIFIED","67",""
"SURVEY","2020","YEAR - AUG FORECAST","","STATE","NEW JERSEY","34","","","","","","","00000000","","SOYBEANS","SOYBEANS - YIELD, MEASURED IN BU / ACRE","TOTAL","NOT SPECIFIED","41",""
"SURVEY","2020","YEAR - NOV FORECAST","","STATE","NEW JERSEY","34","","","","","","","00000000","","SOYBEANS","SOYBEANS - YIELD, MEASURED IN BU / ACRE","TOTAL","NOT SPECIFIED","39",""
"SURVEY","2020","YEAR - OCT FORECAST","","STATE","NEW JERSEY","34","","","","","","","00000000","","SOYBEANS","SOYBEANS - YIELD, MEASURED IN BU / ACRE","TOTAL","NOT SPECIFIED","39",""
"SURVEY","2020","YEAR - SEP FORECAST","","STATE","NEW JERSEY","34","","","","","","","00000000","","SOYBEANS","SOYBEANS - YIELD, MEASURED IN BU / ACRE","TOTAL","NOT SPECIFIED","41",""
"SURVEY","2019","YEAR","","STATE","NEW JERSEY","34","","","","","","","00000000","","CORN","CORN, GRAIN - YIELD, MEASURED IN BU / ACRE","TOTAL","NOT SPECIFIED","155",""
"SURVEY","2019","YEAR","","STATE","NEW JERSEY","34","","","","","","","00000000","","CORN","CORN, SILAGE - YIELD, MEASURED IN TONS / ACRE","TOTAL","NOT SPECIFIED","22",""
"SURVEY","2019","YEAR","","STATE","NEW JERSEY","34","","","","","","","00000000","","SOYBEANS","SOYBEANS - YIELD, MEASURED IN BU / ACRE","TOTAL","NOT SPECIFIED","37",""
"SURVEY","2019","YEAR","","STATE","NEW JERSEY","34","","","","","","","00000000","","WHEAT","WHEAT - YIELD, MEASURED IN BU / ACRE","TOTAL","NOT SPECIFIED","66",""
"SURVEY","2019","YEAR","","STATE","NEW JERSEY","34","","","","","","","00000000","","WHEAT","WHEAT, WINTER - YIELD, MEASURED IN BU / ACRE","TOTAL","NOT SPECIFIED","66",""
"SURVEY","2019","YEAR - AUG FORECAST","","STATE","NEW JERSEY","34","","","","","","","00000000","","SOYBEANS","SOYBEANS - YIELD, MEASURED IN BU / ACRE","TOTAL","NOT SPECIFIED","42",""
"SURVEY","2019","YEAR - NOV FORECAST","","STATE","NEW JERSEY","34","","","","","","","00000000","","SOYBEANS","SOYBEANS - YIELD, MEASURED IN BU / ACRE","TOTAL","NOT SPECIFIED","41",""
"SURVEY","2019","YEAR - OCT FORECAST","","STATE","NEW JERSEY","34","","","","","","","00000000","","SOYBEANS","SOYBEANS - YIELD, MEASURED IN BU / ACRE","TOTAL","NOT SPECIFIED","41",""
"SURVEY","2019","YEAR - SEP FORECAST","","STATE","NEW JERSEY","34","","","","","","","00000000","","SOYBEANS","SOYBEANS - YIELD, MEASURED IN BU / ACRE","TOTAL","NOT SPECIFIED","42",""
"SURVEY","2018","YEAR","","STATE","NEW JERSEY","34","","","","","","","00000000","","CORN","CORN, GRAIN - YIELD, MEASURED IN BU / ACRE","TOTAL","NOT SPECIFIED","141",""
"SURVEY","2018","YEAR","","STATE","NEW JERSEY","34","","","","","","","00000000","","CORN","CORN, SILAGE - YIELD, MEASURED IN TONS / ACRE","TOTAL","NOT SPECIFIED","19",""
"SURVEY","2018","YEAR","","STATE","NEW JERSEY","34","","","","","","","00000000","","SOYBEANS","SOYBEANS - YIELD, MEASURED IN BU / ACRE","TOTAL","NOT SPECIFIED","39.5",""
"SURVEY","2018","YEAR","","STATE","NEW JERSEY","34","","","","","","","00000000","","WHEAT","WHEAT - YIELD, MEASURED IN BU / ACRE","TOTAL","NOT SPECIFIED","62",""
"SURVEY","2018","YEAR","","STATE","NEW JERSEY","34","","","","","","","00000000","","WHEAT","WHEAT, WINTER - YIELD, MEASURED IN BU / ACRE","TOTAL","NOT SPECIFIED","62",""
"SURVEY","2018","YEAR - AUG FORECAST","","STATE","NEW JERSEY","34","","","","","","","00000000","","SOYBEANS","SOYBEANS - YIELD, MEASURED IN BU / ACRE","TOTAL","NOT SPECIFIED","40",""
"SURVEY","2018","YEAR - NOV FORECAST","","STATE","NEW JERSEY","34","","","","","","","00000000","","SOYBEANS","SOYBEANS - YIELD, MEASURED IN BU / ACRE","TOTAL","NOT SPECIFIED","41",""
"SURVEY","2018","YEAR - OCT FORECAST","","STATE","NEW JERSEY","34","","","","","","","00000000","","SOYBEANS","SOYBEANS - YIELD, MEASURED IN BU / ACRE","TOTAL","NOT SPECIFIED","41",""
"SURVEY","2018","YEAR - SEP FORECAST","","STATE","NEW JERSEY","34","","","","","","","00000000","","SOYBEANS","SOYBEANS - YIELD, MEASURED IN BU / ACRE","TOTAL","NOT SPECIFIED","40",""
"SURVEY","2017","YEAR","","STATE","NEW JERSEY","34","","","","","","","00000000","","CORN","CORN, GRAIN - YIELD, MEASURED IN BU / ACRE","TOTAL","NOT SPECIFIED","167",""
"SURVEY","2017","YEAR","","STATE","NEW JERSEY","34","","","","","","","00000000","","CORN","CORN, SILAGE - YIELD, MEASURED IN TONS / ACRE","TOTAL","NOT SPECIFIED","19.5",""
"SURVEY","2017","YEAR","","STATE","NEW JERSEY","34","","","","","","","00000000","","SOYBEANS","SOYBEANS - YIELD, MEASURED IN BU / ACRE","TOTAL","NOT SPECIFIED","45",""
"SURVEY","2017","YEAR","","STATE","NEW JERSEY","34","","","","","","","00000000","","WHEAT","WHEAT - YIELD, MEASURED IN BU / ACRE","TOTAL","NOT SPECIFIED","64",""
"SURVEY","2017","YEAR","","STATE","NEW JERSEY","34","","","","","","","00000000","","WHEAT","WHEAT, WINTER - YIELD, MEASURED IN BU / ACRE","TOTAL","NOT SPECIFIED","64",""
"SURVEY","2017","YEAR - AUG FORECAST","","STATE","NEW JERSEY","34","","","","","","","00000000","","SOYBEANS","SOYBEANS - YIELD, MEASURED IN BU / ACRE","TOTAL","NOT SPECIFIED","40",""
"SURVEY","2017","YEAR - NOV FORECAST","","STATE","NEW JERSEY","34","","","","","","","00000000","","SOYBEANS","SOYBEANS - YIELD, MEASURED IN BU / ACRE","TOTAL","NOT SPECIFIED","42",""
"SURVEY","2017","YEAR - OCT FORECAST","","STATE","NEW JERSEY","34","","","","","","","00000000","","SOYBEANS","SOYBEANS - YIELD, MEASURED IN BU / ACRE","TOTAL","NOT SPECIFIED","40",""
"SURVEY","2017","YEAR - SEP FORECAST","","STATE","NEW JERSEY","34","","","","","","","00000000","","SOYBEANS","SOYBEANS - YIELD, MEASURED IN BU / ACRE","TOTAL","NOT SPECIFIED","43",""
"SURVEY","2016","YEAR","","STATE","NEW JERSEY","34","","","","","","","00000000","","CORN","CORN, GRAIN - YIELD, MEASURED IN BU / ACRE","TOTAL","NOT SPECIFIED","145",""
"SURVEY","2016","YEAR","","STATE","NEW JERSEY","34","","","","","","","00000000","","CORN","CORN, SILAGE - YIELD, MEASURED IN TONS / ACRE","TOTAL","NOT SPECIFIED","16",""
"SURVEY","2016","YEAR","","STATE","NEW JERSEY","34","","","","","","","00000000","","SOYBEANS","SOYBEANS - YIELD, MEASURED IN BU / ACRE","TOTAL","NOT SPECIFIED","36",""
"SURVEY","2016","YEAR","","STATE","NEW JERSEY","34","","","","","","","00000000","","WHEAT","WHEAT - YIELD, MEASURED IN BU / ACRE","TOTAL","NOT SPECIFIED","64",""
"SURVEY","2016","YEAR","","STATE","NEW JERSEY","34","","","","","","","00000000","","WHEAT","WHEAT, WINTER - YIELD, MEASURED IN BU / ACRE","TOTAL","NOT SPECIFIED","64",""
"SURVEY","2016","YEAR - AUG FORECAST","","STATE","NEW JERSEY","34","","","","","","","00000000","","SOYBEANS","SOYBEANS - YIELD, MEASURED IN BU / ACRE","TOTAL","NOT SPECIFIED","41",""
"SURVEY","2016","YEAR - NOV FORECAST","","STATE","NEW JERSEY","34","","","","","","","00000000","","SOYBEANS","SOYBEANS - YIELD, MEASURED IN BU / ACRE","TOTAL","NOT SPECIFIED","40",""
"SURVEY","2016","YEAR - OCT FORECAST","","STATE","NEW JERSEY","34","","","","","","","00000000","","SOYBEANS","SOYBEANS - YIELD, MEASURED IN BU / ACRE","TOTAL","NOT SPECIFIED","40",""
"SURVEY","2016","YEAR - SEP FORECAST","","STATE","NEW JERSEY","34","","","","","","","00000000","","SOYBEANS","SOYBEANS - YIELD, MEASURED IN BU / ACRE","TOTAL","NOT SPECIFIED","39",""
"SURVEY","2015","YEAR","","STATE","NEW JERSEY","34","","","","","","","00000000","","CORN","CORN, GRAIN - YIELD, MEASURED IN BU / ACRE","TOTAL","NOT SPECIFIED","147",""
"SURVEY","2015","YEAR","","STATE","NEW JERSEY","34","","","","","","","00000000","","CORN","CORN, SILAGE - YIELD, MEASURED IN TONS / ACRE","TOTAL","NOT SPECIFIED","21",""
"SURVEY","2015","YEAR","","STATE","NEW JERSEY","34","","","","","","","00000000","","SOYBEANS","SOYBEANS - YIELD, MEASURED IN BU / ACRE","TOTAL","NOT SPECIFIED","32",""
"SURVEY","2015","YEAR","","STATE","NEW JERSEY","34","","","","","","","00000000","","WHEAT","WHEAT - YIELD, MEASURED IN BU / ACRE","TOTAL","NOT SPECIFIED","50",""
"SURVEY","2015","YEAR","","STATE","NEW JERSEY","34","","","","","","","00000000","","WHEAT","WHEAT, WINTER - YIELD, MEASURED IN BU / ACRE","TOTAL","NOT SPECIFIED","50",""
"SURVEY","2015","YEAR - AUG FORECAST","","STATE","NEW JERSEY","34","","","","","","","00000000","","CORN","CORN, GRAIN - YIELD, MEASURED IN BU / ACRE","TOTAL","NOT SPECIFIED","154",""
"SURVEY","2015","YEAR - AUG FORECAST","","STATE","NEW JERSEY","34","","","","","","","00000000","","SOYBEANS","SOYBEANS - YIELD, MEASURED IN BU / ACRE","TOTAL","NOT SPECIFIED","42",""
"SURVEY","2015","YEAR - AUG FORECAST","","STATE","NEW JERSEY","34","","","","","","","00000000","","WHEAT","WHEAT - YIELD, MEASURED IN BU / ACRE","TOTAL","NOT SPECIFIED","56",""
"SURVEY","2015","YEAR - JUL FORECAST","","STATE","NEW JERSEY","34","","","","","","","00000000","","WHEAT","WHEAT - YIELD, MEASURED IN BU / ACRE","TOTAL","NOT SPECIFIED","56",""
"SURVEY","2015","YEAR - NOV FORECAST","","STATE","NEW JERSEY","34","","","","","","","00000000","","CORN","CORN, GRAIN - YIELD, MEASURED IN BU / ACRE","TOTAL","NOT SPECIFIED","145",""
"SURVEY","2015","YEAR - NOV FORECAST","","STATE","NEW JERSEY","34","","","","","","","00000000","","SOYBEANS","SOYBEANS - YIELD, MEASURED IN BU / ACRE","TOTAL","NOT SPECIFIED","34",""
"SURVEY","2015","YEAR - OCT FORECAST","","STATE","NEW JERSEY","34","","","","","","","00000000","","CORN","CORN, GRAIN - YIELD, MEASURED IN BU / ACRE","TOTAL","NOT SPECIFIED","152",""
"SURVEY","2015","YEAR - OCT FORECAST","","STATE","NEW JERSEY","34","","","","","","","00000000","","SOYBEANS","SOYBEANS - YIELD, MEASURED IN BU / ACRE","TOTAL","NOT SPECIFIED","38",""
"SURVEY","2015","YEAR - SEP FORECAST","","STATE","NEW JERSEY","34","","","","","","","00000000","","CORN","CORN, GRAIN - YIELD, MEASURED IN BU / ACRE","TOTAL","NOT SPECIFIED","145",""
"SURVEY","2015","YEAR - SEP FORECAST","","STATE","NEW JERSEY","34","","","","","","","00000000","","SOYBEANS","SOYBEANS - YIELD, MEASURED IN BU / ACRE","TOTAL","NOT SPECIFIED","41",""
"SURVEY","2014","YEAR","","STATE","NEW JERSEY","34","","","","","","","00000000","","CORN","CORN, GRAIN - YIELD, MEASURED IN BU / ACRE","TOTAL","NOT SPECIFIED","157",""
"SURVEY","2014","YEAR","","STATE","NEW JERSEY","34","","","","","","","00000000","","CORN","CORN, SILAGE - YIELD, MEASURED IN TONS / ACRE","TOTAL","NOT SPECIFIED","20",""
"SURVEY","2014","YEAR","","STATE","NEW JERSEY","34","","","","","","","00000000","","SOYBEANS","SOYBEANS - YIELD, MEASURED IN BU / ACRE","TOTAL","NOT SPECIFIED","44",""
"SURVEY","2014","YEAR","","STATE","NEW JERSEY","34","","","","","","","00000000","","WHEAT","WHEAT - YIELD, MEASURED IN BU / ACRE","TOTAL","NOT SPECIFIED","53",""
"SURVEY","2014","YEAR","","STATE","NEW JERSEY","34","","","","","","","00000000","","WHEAT","WHEAT, WINTER - YIELD, MEASURED IN BU / ACRE","TOTAL","NOT SPECIFIED","53",""
"SURVEY","2014","YEAR - AUG FORECAST","","STATE","NEW JERSEY","34","","","","","","","00000000","","CORN","CORN, GRAIN - YIELD, MEASURED IN BU / ACRE","TOTAL","NOT SPECIFIED","136",""
"SURVEY","2014","YEAR - AUG FORECAST","","STATE","NEW JERSEY","34","","","","","","","00000000","","SOYBEANS","SOYBEANS - YIELD, MEASURED IN BU / ACRE","TOTAL","NOT SPECIFIED","40",""
"SURVEY","2014","YEAR - NOV FORECAST","","STATE","NEW JERSEY","34","","","","","","","00000000","","CORN","CORN, GRAIN - YIELD, MEASURED IN BU / ACRE","TOTAL","NOT SPECIFIED","150",""
"SURVEY","2014","YEAR - NOV FORECAST","","STATE","NEW JERSEY","34","","","","","","","00000000","","SOYBEANS","SOYBEANS - YIELD, MEASURED IN BU / ACRE","TOTAL","NOT SPECIFIED","42",""
"SURVEY","2014","YEAR - OCT FORECAST","","STATE","NEW JERSEY","34","","","","","","","00000000","","CORN","CORN, GRAIN - YIELD, MEASURED IN BU / ACRE","TOTAL","NOT SPECIFIED","148",""
"SURVEY","2014","YEAR - OCT FORECAST","","STATE","NEW JERSEY","34","","","","","","","00000000","","SOYBEANS","SOYBEANS - YIELD, MEASURED IN BU / ACRE","TOTAL","NOT SPECIFIED","41",""
"SURVEY","2014","YEAR - SEP FORECAST","","STATE","NEW JERSEY","34","","","","","","","00000000","","CORN","CORN, GRAIN - YIELD, MEASURED IN BU / ACRE","TOTAL","NOT SPECIFIED","146",""
"SURVEY","2014","YEAR - SEP FORECAST","","STATE","NEW JERSEY","34","","","","","","","00000000","","SOYBEANS","SOYBEANS - YIELD, MEASURED IN BU / ACRE","TOTAL","NOT SPECIFIED","42",""
"SURVEY","2013","YEAR","","STATE","NEW JERSEY","34","","","","","","","00000000","","CORN","CORN, GRAIN - YIELD, MEASURED IN BU / ACRE","TOTAL","NOT SPECIFIED","139",""
"SURVEY","2013","YEAR","","STATE","NEW JERSEY","34","","","","","","","00000000","","CORN","CORN, SILAGE - YIELD, MEASURED IN TONS / ACRE","TOTAL","NOT SPECIFIED","20",""
"SURVEY","2013","YEAR","","STATE","NEW JERSEY","34","","","","","","","00000000","","SOYBEANS","SOYBEANS - YIELD, MEASURED IN BU / ACRE","TOTAL","NOT SPECIFIED","39.5",""
"SURVEY","2013","YEAR","","STATE","NEW JERSEY","34","","","","","","","00000000","","WHEAT","WHEAT - YIELD, MEASURED IN BU / ACRE","TOTAL","NOT SPECIFIED","54",""
"SURVEY","2013","YEAR","","STATE","NEW JERSEY","34","","","","","","","00000000","","WHEAT","WHEAT, WINTER - YIELD, MEASURED IN BU / ACRE","TOTAL","NOT SPECIFIED","54",""
"SURVEY","2013","YEAR - AUG FORECAST","","STATE","NEW JERSEY","34","","","","","","","00000000","","CORN","CORN, GRAIN - YIELD, MEASURED IN BU / ACRE","TOTAL","NOT SPECIFIED","138",""
"SURVEY","2013","YEAR - AUG FORECAST","","STATE","NEW JERSEY","34","","","","","","","00000000","","SOYBEANS","SOYBEANS - YIELD, MEASURED IN BU / ACRE","TOTAL","NOT SPECIFIED","39",""
"SURVEY","2013","YEAR - NOV FORECAST","","STATE","NEW JERSEY","34","","","","","","","00000000","","CORN","CORN, GRAIN - YIELD, MEASURED IN BU / ACRE","TOTAL","NOT SPECIFIED","143",""
"SURVEY","2013","YEAR - NOV FORECAST","","STATE","NEW JERSEY","34","","","","","","","00000000","","SOYBEANS","SOYBEANS - YIELD, MEASURED IN BU / ACRE","TOTAL","NOT SPECIFIED","41",""
"SURVEY","2013","YEAR - SEP FORECAST","","STATE","NEW JERSEY","34","","","","","","","00000000","","CORN","CORN, GRAIN - YIELD, MEASURED IN BU / ACRE","TOTAL","NOT SPECIFIED","138",""
"SURVEY","2013","YEAR - SEP FORECAST","","STATE","NEW JERSEY","34","","","","","","","00000000","","SOYBEANS","SOYBEANS - YIELD, MEASURED IN BU / ACRE","TOTAL","NOT SPECIFIED","40",""
"SURVEY","2012","YEAR","","STATE","NEW JERSEY","34","","","","","","","00000000","","CORN","CORN, GRAIN - YIELD, MEASURED IN BU / ACRE","TOTAL","NOT SPECIFIED","118",""
"SURVEY","2012","YEAR","","STATE","NEW JERSEY","34","","","","","","","00000000","","CORN","CORN, SILAGE - YIELD, MEASURED IN TONS / ACRE","TOTAL","NOT SPECIFIED","15",""
"SURVEY","2012","YEAR","","STATE","NEW JERSEY","34","","","","","","","00000000","","SOYBEANS","SOYBEANS - YIELD, MEASURED IN BU / ACRE","TOTAL","NOT SPECIFIED","39",""
"SURVEY","2012","YEAR","","STATE","NEW JERSEY","34","","","","","","","00000000","","WHEAT","WHEAT - YIELD, MEASURED IN BU / ACRE","TOTAL","NOT SPECIFIED","56",""
"SURVEY","2012","YEAR","","STATE","NEW JERSEY","34","","","","","","","00000000","","WHEAT","WHEAT, WINTER - YIELD, MEASURED IN BU / ACRE","TOTAL","NOT SPECIFIED","56",""
"SURVEY","2012","YEAR - AUG FORECAST","","STATE","NEW JERSEY","34","","","","","","","00000000","","CORN","CORN, GRAIN - YIELD, MEASURED IN BU / ACRE","TOTAL","NOT SPECIFIED","127",""
"SURVEY","2012","YEAR - AUG FORECAST","","STATE","NEW JERSEY","34","","","","","","","00000000","","SOYBEANS","SOYBEANS - YIELD, MEASURED IN BU / ACRE","TOTAL","NOT SPECIFIED","36",""
"SURVEY","2012","YEAR - NOV FORECAST","","STATE","NEW JERSEY","34","","","","","","","00000000","","CORN","CORN, GRAIN - YIELD, MEASURED IN BU / ACRE","TOTAL","NOT SPECIFIED","133",""
"SURVEY","2012","YEAR - NOV FORECAST","","STATE","NEW JERSEY","34","","","","","","","00000000","","SOYBEANS","SOYBEANS - YIELD, MEASURED IN BU / ACRE","TOTAL","NOT SPECIFIED","40",""
"SURVEY","2012","YEAR - OCT FORECAST","","STATE","NEW JERSEY","34","","","","","","","00000000","","CORN","CORN, GRAIN - YIELD, MEASURED IN BU / ACRE","TOTAL","NOT SPECIFIED","132",""
"SURVEY","2012","YEAR - OCT FORECAST","","STATE","NEW JERSEY","34","","","","","","","00000000","","SOYBEANS","SOYBEANS - YIELD, MEASURED IN BU / ACRE","TOTAL","NOT SPECIFIED","38",""
"SURVEY","2012","YEAR - SEP FORECAST","","STATE","NEW JERSEY","34","","","","","","","00000000","","CORN","CORN, GRAIN - YIELD, MEASURED IN BU / ACRE","TOTAL","NOT SPECIFIED","127",""
"SURVEY","2012","YEAR - SEP FORECAST","","STATE","NEW JERSEY","34","","","","","","","00000000","","SOYBEANS","SOYBEANS - YIELD, MEASURED IN BU / ACRE","TOTAL","NOT SPECIFIED","37",""
"SURVEY","2011","YEAR","","STATE","NEW JERSEY","34","","","","","","","00000000","","CORN","CORN, GRAIN - YIELD, MEASURED IN BU / ACRE","TOTAL","NOT SPECIFIED","123",""
"SURVEY","2011","YEAR","","STATE","NEW JERSEY","34","","","","","","","00000000","","CORN","CORN, SILAGE - YIELD, MEASURED IN TONS / ACRE","TOTAL","NOT SPECIFIED","17.5",""
"SURVEY","2011","YEAR","","STATE","NEW JERSEY","34","","","","","","","00000000","","SOYBEANS","SOYBEANS - YIELD, MEASURED IN BU / ACRE","TOTAL","NOT SPECIFIED","38",""
"SURVEY","2011","YEAR","","STATE","NEW JERSEY","34","","","","","","","00000000","","WHEAT","WHEAT - YIELD, MEASURED IN BU / ACRE","TOTAL","NOT SPECIFIED","49",""
"SURVEY","2011","YEAR","","STATE","NEW JERSEY","34","","","","","","","00000000","","WHEAT","WHEAT, WINTER - YIELD, MEASURED IN BU / ACRE","TOTAL","NOT SPECIFIED","49",""
"SURVEY","2011","YEAR - AUG FORECAST","","STATE","NEW JERSEY","34","","","","","","","00000000","","CORN","CORN, GRAIN - YIELD, MEASURED IN BU / ACRE","TOTAL","NOT SPECIFIED","135",""
"SURVEY","2011","YEAR - AUG FORECAST","","STATE","NEW JERSEY","34","","","","","","","00000000","","SOYBEANS","SOYBEANS - YIELD, MEASURED IN BU / ACRE","TOTAL","NOT SPECIFIED","33",""
"SURVEY","2011","YEAR - NOV FORECAST","","STATE","NEW JERSEY","34","","","","","","","00000000","","CORN","CORN, GRAIN - YIELD, MEASURED IN BU / ACRE","TOTAL","NOT SPECIFIED","125",""
"SURVEY","2011","YEAR - NOV FORECAST","","STATE","NEW JERSEY","34","","","","","","","00000000","","SOYBEANS","SOYBEANS - YIELD, MEASURED IN BU / ACRE","TOTAL","NOT SPECIFIED","35",""
"SURVEY","2011","YEAR - OCT FORECAST","","STATE","NEW JERSEY","34","","","","","","","00000000","","CORN","CORN, GRAIN - YIELD, MEASURED IN BU / ACRE","TOTAL","NOT SPECIFIED","130",""
"SURVEY","2011","YEAR - OCT FORECAST","","STATE","NEW JERSEY","34","","","","","","","00000000","","SOYBEANS","SOYBEANS - YIELD, MEASURED IN BU / ACRE","TOTAL","NOT SPECIFIED","34",""
"SURVEY","2011","YEAR - SEP FORECAST","","STATE","NEW JERSEY","34","","","","","","","00000000","","CORN","CORN, GRAIN - YIELD, MEASURED IN BU / ACRE","TOTAL","NOT SPECIFIED","130",""
"SURVEY","2011","YEAR - SEP FORECAST","","STATE","NEW JERSEY","34","","","","","","","00000000","","SOYBEANS","SOYBEANS - YIELD, MEASURED IN BU / ACRE","TOTAL","NOT SPECIFIED","33",""
"SURVEY","2010","YEAR","","STATE","NEW JERSEY","34","","","","","","","00000000","","CORN","CORN, GRAIN - YIELD, MEASURED IN BU / ACRE","TOTAL","NOT SPECIFIED","114",""
"SURVEY","2010","YEAR","","STATE","NEW JERSEY","34","","","","","","","00000000","","CORN","CORN, SILAGE - YIELD, MEASURED IN TONS / ACRE","TOTAL","NOT SPECIFIED","15.5",""
"SURVEY","2010","YEAR","","STATE","NEW JERSEY","34","","","","","","","00000000","","SOYBEANS","SOYBEANS - YIELD, MEASURED IN BU / ACRE","TOTAL","NOT SPECIFIED","24",""
"SURVEY","2010","YEAR","","STATE","NEW JERSEY","34","","","","","","","00000000","","WHEAT","WHEAT - YIELD, MEASURED IN BU / ACRE","TOTAL","NOT SPECIFIED","49",""
"SURVEY","2010","YEAR","","STATE","NEW JERSEY","34","","","","","","","00000000","","WHEAT","WHEAT, WINTER - YIELD, MEASURED IN BU / ACRE","TOTAL","NOT SPECIFIED","49",""
"SURVEY","2010","YEAR - AUG FORECAST","","STATE","NEW JERSEY","34","","","","","","","00000000","","CORN","CORN, GRAIN - YIELD, MEASURED IN BU / ACRE","TOTAL","NOT SPECIFIED","123",""
"SURVEY","2010","YEAR - AUG FORECAST","","STATE","NEW JERSEY","34","","","","","","","00000000","","SOYBEANS","SOYBEANS - YIELD, MEASURED IN BU / ACRE","TOTAL","NOT SPECIFIED","34",""
"SURVEY","2010","YEAR - NOV FORECAST","","STATE","NEW JERSEY","34","","","","","","","00000000","","CORN","CORN, GRAIN - YIELD, MEASURED IN BU / ACRE","TOTAL","NOT SPECIFIED","118",""
"SURVEY","2010","YEAR - NOV FORECAST","","STATE","NEW JERSEY","34","","","","","","","00000000","","SOYBEANS","SOYBEANS - YIELD, MEASURED IN BU / ACRE","TOTAL","NOT SPECIFIED","31",""
"SURVEY","2010","YEAR - OCT FORECAST","","STATE","NEW JERSEY","34","","","","","","","00000000","","CORN","CORN, GRAIN - YIELD, MEASURED IN BU / ACRE","TOTAL","NOT SPECIFIED","122",""
"SURVEY","2010","YEAR - OCT FORECAST","","STATE","NEW JERSEY","34","","","","","","","00000000","","SOYBEANS","SOYBEANS - YIELD, MEASURED IN BU / ACRE","TOTAL","NOT SPECIFIED","33",""
"SURVEY","2010","YEAR - SEP FORECAST","","STATE","NEW JERSEY","34","","","","","","","00000000","","CORN","CORN, GRAIN - YIELD, MEASURED IN BU / ACRE","TOTAL","NOT SPECIFIED","118",""
"SURVEY","2010","YEAR - SEP FORECAST","","STATE","NEW JERSEY","34","","","","","","","00000000","","SOYBEANS","SOYBEANS - YIELD, MEASURED IN BU / ACRE","TOTAL","NOT SPECIFIED","34",""
